L,a,b,color
106,86,157,green
105,86,156,green
111,86,156,green
104,86,158,green
105,85,159,green
107,85,157,green
91,92,152,green
104,86,157,green
105,86,157,green
155,119,192,yellow
157,119,192,yellow
159,118,192,yellow
156,118,192,yellow
158,118,193,yellow
161,118,193,yellow
154,119,191,yellow
156,118,192,yellow
161,118,192,yellow
87,112,113,blue
82,113,113,blue
71,115,116,blue
85,111,115,blue
76,113,115,blue
67,114,119,blue
64,118,110,blue
58,120,110,blue
52,115,118,blue
155,121,168,yellow
161,119,173,yellow
164,118,177,yellow
163,118,179,yellow
160,118,181,yellow
165,118,181,yellow
167,118,185,yellow
161,120,184,yellow
160,120,183,yellow
152,127,137,white
152,126,139,white
157,127,140,white
159,127,140,white
159,128,139,white
165,126,141,white
169,127,140,white
167,127,142,white
171,127,142,white
192,127,131,white
197,126,131,white
197,125,130,white
192,127,131,white
195,127,129,white
196,124,131,white
176,126,129,white
177,125,129,white
177,124,130,white
133,180,165,orange
133,183,168,orange
134,183,168,orange
134,180,165,orange
133,183,168,orange
134,184,169,orange
136,181,165,orange
132,184,169,orange
133,185,170,orange
108,83,162,green
115,80,164,green
117,82,160,green
109,83,162,green
112,81,163,green
117,81,161,green
116,80,164,green
116,81,161,green
40,161,146,red
42,163,147,red
46,163,149,red
37,158,145,red
45,163,150,red
45,163,150,red
38,131,103,blue
38,132,101,blue
40,131,102,blue
38,130,103,blue
41,131,102,blue
42,130,102,blue
42,128,104,blue
45,129,103,blue
208,98,208,yellow
210,97,209,yellow
208,97,209,yellow
209,98,207,yellow
207,97,208,yellow
208,98,207,yellow
208,97,208,yellow
205,100,208,yellow
193,126,129,white
207,125,129,white
212,124,129,white
191,125,129,white
207,126,126,white
209,125,127,white
187,127,129,white
206,125,129,white
209,125,127,white
120,116,97,blue
119,117,97,blue
119,114,100,blue
117,116,97,blue
116,117,97,blue
116,114,101,blue
112,116,99,blue
113,114,101,blue
153,180,174,orange
152,181,176,orange
146,185,180,orange
158,177,167,orange
156,178,172,orange
143,186,177,orange
166,170,157,orange
144,182,173,orange
167,68,164,green
168,65,173,green
166,66,172,green
169,68,164,green
167,66,172,green
167,66,172,green
168,68,163,green
165,66,172,green
163,67,171,green
81,174,160,red
85,177,162,red
86,174,159,red
101,169,152,red
87,178,161,red
87,176,160,red
101,168,151,red
68,128,97,blue
72,126,99,blue
73,125,99,blue
69,128,97,blue
68,128,98,blue
71,126,99,blue
140,119,184,yellow
157,113,191,yellow
150,114,189,yellow
152,118,190,yellow
163,113,194,yellow
156,113,191,yellow
156,121,190,yellow
164,115,194,yellow
158,113,193,yellow
172,121,123,white
199,119,123,white
203,119,123,white
193,119,123,white
200,120,120,white
204,119,123,white
189,119,122,white
196,120,122,white
204,118,122,white
161,178,176,orange
167,177,175,orange
174,171,173,orange
161,179,177,orange
166,177,176,orange
173,172,174,orange
152,180,178,orange
163,177,175,orange
170,175,173,orange
156,68,173,green
163,67,172,green
157,70,167,green
163,66,174,green
169,65,173,green
150,69,174,green
160,67,173,green
167,66,172,green
83,179,166,red
82,179,167,red
83,180,168,red
85,180,168,red
85,180,168,red
83,181,169,red
86,180,167,red
86,180,167,red
95,123,96,blue
131,119,90,blue
147,115,91,blue
102,123,94,blue
145,115,91,blue
109,119,96,blue
146,115,91,blue
163,69,166,green
163,67,169,green
166,68,166,green
162,69,166,green
162,68,169,green
162,68,169,green
144,75,160,green
162,68,168,green
203,98,206,yellow
222,93,206,yellow
232,94,204,yellow
204,98,206,yellow
223,94,209,yellow
233,93,206,yellow
203,102,205,yellow
227,94,210,yellow
236,97,203,yellow
225,125,128,white
228,124,128,white
231,124,127,white
222,124,128,white
225,125,127,white
231,124,129,white
219,124,129,white
228,124,129,white
199,62,163,green
204,59,167,green
210,59,165,green
195,59,172,green
201,58,170,green
192,60,172,green
198,58,173,green
208,59,164,green
169,176,170,orange
177,169,166,orange
165,180,173,orange
174,172,169,orange
165,179,173,orange
172,173,171,orange
175,171,165,orange
143,115,92,blue
163,110,92,blue
164,110,92,blue
132,119,90,blue
151,115,90,blue
163,110,92,blue
131,119,90,blue
143,119,87,blue
55,167,155,red
58,169,156,red
55,169,157,red
61,169,159,red
61,172,160,red
58,170,158,red
58,168,157,red
57,169,157,red
56,168,157,red
94,121,172,yellow
95,122,172,yellow
91,121,171,yellow
94,121,171,yellow
93,122,171,yellow
90,123,171,yellow
94,121,171,yellow
94,121,172,yellow
196,58,176,green
191,58,178,green
182,60,179,green
199,59,170,green
190,59,178,green
184,60,179,green
191,60,171,green
177,62,175,green
169,126,132,white
172,126,132,white
176,125,133,white
176,127,134,white
176,128,130,white
177,126,133,white
183,127,133,white
181,128,133,white
181,126,133,white
143,184,176,orange
142,183,175,orange
140,182,173,orange
141,185,177,orange
141,184,176,orange
140,182,173,orange
136,187,179,orange
137,186,178,orange
139,181,172,orange
46,163,151,red
48,163,151,red
50,163,148,red
50,163,150,red
49,164,152,red
54,164,151,red
50,163,150,red
51,163,151,red
55,163,147,red
145,74,164,green
139,75,164,green
128,81,160,green
146,72,167,green
143,72,169,green
143,73,166,green
145,72,169,green
145,71,170,green
148,73,165,green
103,181,163,red
106,182,165,red
104,180,163,red
102,181,164,red
96,188,176,red
96,186,174,red
89,183,173,red
92,186,175,red
95,185,172,red
96,120,99,blue
97,120,98,blue
94,120,99,blue
103,120,98,blue
101,122,95,blue
102,120,98,blue
103,119,98,blue
97,121,97,blue
90,120,101,blue
186,117,203,yellow
181,117,201,yellow
173,118,199,yellow
194,114,205,yellow
188,117,203,yellow
191,114,204,yellow
188,114,203,yellow
164,116,194,yellow
105,128,131,white
107,127,131,white
99,129,131,white
104,128,132,white
106,128,129,white
100,129,131,white
99,129,131,white
103,128,132,white
101,128,131,white
114,175,168,orange
114,176,168,orange
118,173,168,orange
110,177,169,orange
110,178,171,orange
118,174,169,orange
109,177,171,orange
111,177,170,orange
112,176,169,orange
69,98,151,green
63,97,153,green
54,98,153,green
74,93,156,green
71,93,157,green
67,94,156,green
72,93,157,green
73,92,159,green
71,92,158,green
90,175,154,red
91,176,155,red
88,177,157,red
88,179,159,red
87,182,163,red
84,182,170,red
89,180,163,red
88,182,167,red
86,182,168,red
144,115,92,blue
143,115,92,blue
143,112,96,blue
139,115,92,blue
137,116,93,blue
136,115,93,blue
138,115,93,blue
135,116,93,blue
132,116,94,blue
131,79,158,green
135,76,162,green
130,78,161,green
132,79,157,green
136,77,160,green
133,77,162,green
137,77,161,green
131,76,164,green
125,78,165,green
72,123,102,blue
74,124,101,blue
75,121,103,blue
69,126,100,blue
75,124,101,blue
77,122,103,blue
77,121,103,blue
45,123,113,blue
51,125,112,blue
48,122,115,blue
43,126,111,blue
51,123,112,blue
47,125,112,blue
34,124,112,blue
46,123,113,blue
45,124,113,blue
193,126,135,white
193,127,133,white
192,128,134,white
195,130,131,white
194,127,134,white
191,128,134,white
196,130,134,white
192,129,133,white
192,64,162,green
188,65,161,green
185,64,164,green
186,62,171,green
183,65,163,green
172,69,160,green
182,64,167,green
159,121,194,yellow
164,123,195,yellow
168,123,196,yellow
160,124,193,yellow
164,124,194,yellow
165,126,195,yellow
166,123,195,yellow
165,124,194,yellow
167,123,195,yellow
197,153,164,orange
193,156,165,orange
188,160,165,orange
196,154,166,orange
187,160,169,orange
187,161,166,orange
170,157,165,orange
182,164,170,orange
181,165,167,orange
105,188,173,red
97,187,174,red
92,184,171,red
111,187,170,red
98,189,176,red
94,186,173,red
109,188,172,red
99,189,174,red
94,185,172,red
177,126,137,white
183,126,138,white
182,126,137,white
175,127,137,white
182,128,133,white
182,126,139,white
180,127,138,white
185,126,138,white
186,126,139,white
113,179,167,orange
110,179,167,orange
106,179,166,orange
114,180,168,orange
112,180,168,orange
110,180,167,orange
114,180,168,orange
110,179,166,orange
118,77,175,green
117,77,175,green
105,82,170,green
122,75,177,green
123,75,177,green
100,83,170,green
125,74,178,green
124,75,178,green
95,84,168,green
65,169,156,red
65,171,154,red
52,164,148,red
61,168,153,red
61,168,153,red
49,163,147,red
56,165,150,red
47,161,147,red
200,108,204,yellow
201,107,205,yellow
185,109,196,yellow
167,111,191,yellow
73,123,101,blue
71,123,102,blue
66,124,103,blue
73,128,96,blue
71,129,96,blue
68,126,100,blue
72,129,96,blue
71,129,96,blue
63,125,101,blue
144,119,189,yellow
146,119,189,yellow
143,121,188,yellow
159,118,194,yellow
156,121,193,yellow
149,121,190,yellow
163,118,195,yellow
156,121,193,yellow
140,124,187,yellow
145,128,145,white
139,128,144,white
135,130,143,white
150,128,144,white
142,131,138,white
137,130,143,white
148,130,141,white
141,131,142,white
133,131,143,white
255,128,128,white
254,128,128,white
254,128,127,white
255,128,128,white
254,128,128,white
254,128,128,white
255,128,128,white
228,71,130,green
232,80,124,green
227,74,128,green
231,77,127,green
227,74,131,green
230,80,126,green
209,59,164,green
207,60,163,green
206,60,163,green
200,100,95,blue
207,95,99,blue
193,104,91,blue
180,109,89,blue
205,96,99,blue
192,104,91,blue
186,105,93,blue
198,99,97,blue
211,94,102,blue
222,96,147,yellow
220,94,153,yellow
218,94,155,yellow
248,112,155,yellow
249,116,148,yellow
185,108,88,blue
185,108,88,blue
165,118,82,blue
185,108,88,blue
152,126,76,blue
150,127,76,blue
178,125,131,white
193,125,129,white
195,124,130,white
182,125,131,white
189,126,127,white
192,124,129,white
181,126,130,white
189,125,129,white
191,124,128,white
90,184,158,red
86,183,159,red
91,180,140,red
221,72,130,green
215,68,142,green
214,68,142,green
219,71,134,green
217,69,138,green
220,75,126,green
218,71,134,green
219,75,127,green
196,159,146,orange
197,156,151,orange
187,163,157,orange
163,180,178,orange
203,154,145,orange
206,153,142,orange
158,185,183,orange
166,178,172,orange
163,181,175,orange
242,122,120,white
245,120,123,white
247,122,124,white
245,120,123,white
241,122,120,white
242,123,121,white
242,122,121,white
241,122,120,white
226,128,119,white
226,130,118,white
230,129,121,white
221,130,118,white
223,130,116,white
231,124,114,white
221,129,119,white
221,130,117,white
224,129,117,white
180,155,130,orange
167,165,138,orange
177,161,134,orange
163,165,137,orange
157,169,145,orange
166,165,137,orange
150,170,146,orange
136,85,141,green
139,86,138,green
142,82,144,green
113,95,134,green
119,97,128,green
132,92,132,green
115,157,122,red
124,154,120,red
117,157,124,red
132,152,115,red
125,155,118,red
129,154,120,red
104,160,127,red
106,162,129,red
107,162,130,red
143,129,75,blue
142,130,75,blue
146,125,79,blue
199,105,96,blue
200,101,97,blue
147,126,78,blue
148,125,78,blue
183,112,84,blue
218,120,151,yellow
214,119,156,yellow
218,120,148,yellow
216,119,153,yellow
217,119,152,yellow
212,119,156,yellow
213,119,153,yellow
156,72,164,green
157,71,164,green
174,73,155,green
148,71,167,green
152,71,166,green
168,73,157,green
145,73,164,green
150,71,168,green
157,71,164,green
190,104,155,yellow
187,103,159,yellow
189,107,152,yellow
190,105,152,yellow
191,106,150,yellow
192,112,146,yellow
182,104,161,yellow
181,106,159,yellow
188,108,147,yellow
58,139,89,blue
62,138,89,blue
66,138,88,blue
50,139,90,blue
50,139,90,blue
52,140,90,blue
60,137,90,blue
124,134,93,blue
54,139,90,blue
54,160,135,red
57,162,140,red
61,161,137,red
119,84,150,green
123,83,150,green
115,85,151,green
124,86,143,green
121,84,150,green
115,89,140,green
117,88,143,green
122,86,143,green
140,173,152,orange
142,172,157,orange
142,171,157,orange
148,168,142,orange
141,172,157,orange
139,172,157,orange
140,170,144,orange
142,171,146,orange
169,160,131,orange
137,133,114,white
145,138,116,white
155,137,116,white
142,133,115,white
150,137,111,white
147,135,115,white
134,134,118,white
138,133,117,white
136,134,116,white
210,134,135,white
210,133,137,white
211,133,137,white
210,134,135,white
211,134,134,white
213,133,135,white
210,134,135,white
212,134,135,white
99,91,150,green
99,90,151,green
97,89,155,green
122,106,134,green
99,90,151,green
96,89,155,green
107,97,138,green
103,92,152,green
96,88,155,green
56,162,148,red
57,160,148,red
57,161,144,red
56,160,147,red
55,160,148,red
74,154,125,red
61,158,137,red
48,160,148,red
99,121,102,blue
98,120,102,blue
99,119,104,blue
106,121,101,blue
100,122,99,blue
92,121,101,blue
120,122,97,blue
92,121,101,blue
98,181,164,red
102,181,163,red
110,178,156,red
95,180,165,red
98,183,165,red
105,181,160,red
92,180,165,red
98,181,165,red
101,182,164,red
208,123,170,yellow
208,123,169,yellow
206,121,173,yellow
203,123,170,yellow
206,123,172,yellow
205,123,171,yellow
204,123,170,yellow
204,123,172,yellow
208,123,168,yellow
171,67,166,green
173,67,164,green
174,67,165,green
172,66,167,green
173,67,164,green
174,65,168,green
135,78,158,green
171,66,167,green
173,66,168,green
58,153,139,orange
59,154,137,orange
54,154,139,orange
56,156,141,orange
55,156,140,orange
50,154,142,orange
52,157,143,orange
206,133,133,white
211,133,134,white
213,133,134,white
207,134,133,white
209,134,133,white
213,133,135,white
208,134,132,white
204,133,132,white
157,134,132,white
79,173,161,red
89,173,161,red
86,173,160,red
75,174,161,red
84,173,161,red
85,174,158,red
76,172,157,red
80,173,158,red
83,173,158,red
98,123,95,blue
99,123,95,blue
101,123,94,blue
95,126,92,blue
94,126,92,blue
93,126,93,blue
92,126,93,blue
87,128,92,blue
222,118,186,yellow
223,119,182,yellow
221,118,181,yellow
221,118,188,yellow
222,118,187,yellow
219,118,185,yellow
220,118,190,yellow
220,118,188,yellow
216,118,185,yellow
217,131,135,white
216,131,134,white
216,131,135,white
216,132,133,white
215,133,134,white
216,131,134,white
215,132,133,white
214,132,133,white
149,170,164,orange
159,175,169,orange
136,170,161,orange
157,176,167,orange
155,177,167,orange
154,178,164,orange
154,177,164,orange
151,178,165,orange
149,177,161,orange
116,185,166,red
113,186,169,red
111,185,170,red
116,186,168,red
113,187,169,red
114,186,168,red
111,188,168,red
109,184,167,red
139,115,93,blue
152,107,99,blue
127,116,95,blue
154,107,99,blue
127,116,95,blue
122,110,105,blue
82,139,81,blue
77,138,84,blue
78,138,84,blue
107,134,80,blue
79,138,83,blue
76,138,85,blue
101,142,73,blue
81,139,82,blue
72,141,82,blue
138,129,175,yellow
145,130,174,yellow
148,129,169,yellow
137,130,171,yellow
142,130,173,yellow
151,130,172,yellow
136,130,169,yellow
139,130,172,yellow
180,126,179,yellow
36,132,102,blue
30,136,100,blue
33,131,105,blue
33,134,101,blue
32,134,100,blue
33,132,103,blue
31,135,102,blue
33,129,106,blue
107,105,160,yellow
102,106,158,yellow
100,107,155,yellow
108,103,160,yellow
105,105,159,yellow
102,103,158,yellow
106,105,159,yellow
103,106,158,yellow
99,108,155,yellow
71,163,147,red
67,163,147,red
65,163,146,red
71,165,152,red
66,166,151,red
61,165,148,red
64,167,152,red
62,167,152,red
58,163,149,red
132,81,152,green
131,81,152,green
124,83,150,green
128,81,154,green
123,82,153,green
119,83,152,green
118,84,152,green
114,85,149,green
157,173,167,orange
152,175,165,orange
147,177,164,orange
163,171,145,orange
163,170,145,orange
147,175,163,orange
163,169,143,orange
157,172,146,orange
144,177,161,orange
171,133,140,white
168,132,142,white
163,133,139,white
176,131,141,white
173,133,136,white
168,132,140,white
178,132,140,white
179,133,135,white
180,133,130,white
142,81,152,green
172,67,164,green
167,68,163,green
172,67,165,green
171,68,161,green
167,70,160,green
173,68,162,green
171,67,164,green
165,72,158,green
218,123,127,white
220,122,128,white
223,122,128,white
221,122,128,white
218,126,124,white
220,123,129,white
227,123,127,white
226,123,127,white
229,121,128,white
99,179,159,red
94,183,163,red
94,181,161,red
102,180,161,red
96,186,170,red
101,184,165,red
95,180,162,red
97,185,169,red
100,185,167,red
143,179,170,orange
144,179,170,orange
141,179,170,orange
147,180,170,orange
148,180,171,orange
145,180,171,orange
151,179,170,orange
151,180,171,orange
147,180,171,orange
211,83,142,green
208,82,144,green
195,71,151,green
212,88,138,green
213,88,139,green
216,86,141,green
212,88,139,green
217,90,139,green
219,90,138,green
199,159,141,orange
202,157,140,orange
198,159,142,orange
196,161,141,orange
199,159,140,orange
193,163,141,orange
182,170,147,orange
182,171,147,orange
219,91,195,yellow
214,94,193,yellow
209,93,192,yellow
225,99,179,yellow
221,101,177,yellow
215,102,175,yellow
228,103,175,yellow
223,102,172,yellow
217,106,167,yellow
207,101,99,blue
209,102,101,blue
211,106,102,blue
179,112,85,blue
187,107,89,blue
208,105,100,blue
167,118,82,blue
173,113,85,blue
192,111,93,blue
104,186,162,red
103,186,162,red
108,178,155,red
106,185,160,red
108,185,159,red
112,179,155,red
113,183,155,red
116,182,154,red
115,180,152,red
210,123,127,white
205,125,126,white
204,126,125,white
212,124,128,white
208,127,123,white
208,125,126,white
212,125,126,white
217,125,126,white
221,128,124,white
187,97,189,yellow
182,97,188,yellow
182,98,183,yellow
181,99,193,yellow
177,99,193,yellow
178,99,189,yellow
182,101,189,yellow
174,96,197,yellow
176,99,197,yellow
109,134,80,blue
117,130,82,blue
110,131,83,blue
118,130,81,blue
126,127,84,blue
117,128,92,blue
117,127,88,blue
123,129,89,blue
128,130,94,blue
218,72,135,green
219,72,135,green
218,73,134,green
221,73,134,green
222,75,133,green
221,77,132,green
221,72,135,green
222,77,130,green
221,76,132,green
155,104,191,yellow
154,104,190,yellow
155,104,190,yellow
155,106,191,yellow
154,104,190,yellow
156,105,190,yellow
159,106,192,yellow
157,104,191,yellow
159,105,190,yellow
102,178,147,red
96,179,148,red
97,177,135,red
236,105,168,yellow
239,106,167,yellow
241,105,167,yellow
240,106,166,yellow
243,107,165,yellow
243,108,163,yellow
240,105,167,yellow
243,106,166,yellow
243,107,164,yellow
182,109,89,blue
183,109,88,blue
189,106,91,blue
181,108,90,blue
181,108,89,blue
189,106,93,blue
180,109,91,blue
162,118,83,blue
150,126,76,blue
242,127,125,white
244,126,127,white
242,127,126,white
236,124,127,white
237,127,125,white
241,126,127,white
230,125,126,white
231,125,127,white
235,126,126,white
230,109,168,yellow
232,109,164,yellow
227,107,173,yellow
233,111,160,yellow
236,111,160,yellow
234,111,160,yellow
235,112,159,yellow
236,113,158,yellow
236,111,160,yellow
185,114,92,blue
188,113,93,blue
157,122,79,blue
195,114,95,blue
200,113,97,blue
198,113,96,blue
188,114,96,blue
200,113,97,blue
204,113,98,blue
249,126,127,white
249,126,127,white
250,126,126,white
248,126,127,white
247,127,126,white
251,125,127,white
247,127,126,white
249,126,126,white
134,115,94,blue
137,115,93,blue
149,111,95,blue
140,115,93,blue
145,115,92,blue
142,115,92,blue
151,111,94,blue
92,185,168,red
101,189,168,red
100,190,171,red
100,190,172,red
104,187,163,red
99,189,173,red
96,189,173,red
99,188,167,red
207,61,160,green
207,61,161,green
205,60,164,green
210,62,157,green
209,62,156,green
221,72,133,green
213,63,153,green
211,61,157,green
109,188,174,orange
110,186,175,orange
112,185,174,orange
109,186,175,orange
109,187,173,orange
110,186,172,orange
104,182,167,orange
103,181,166,orange
101,181,168,orange
102,181,167,orange
101,181,166,orange
103,182,165,orange
102,181,167,orange
98,178,164,orange
82,91,155,green
81,91,155,green
81,91,156,green
79,93,153,green
80,91,156,green
165,128,127,white
172,128,127,white
177,127,128,white
173,127,128,white
172,129,125,white
175,127,128,white
174,127,126,white
176,128,126,white
93,186,171,red
85,182,168,red
108,185,156,red
95,187,167,red
89,185,170,red
94,185,165,red
93,186,170,red
90,185,169,red
83,126,96,blue
82,128,93,blue
83,123,100,blue
81,126,96,blue
83,126,96,blue
88,125,95,blue
82,126,97,blue
79,129,94,blue
79,129,93,blue
212,100,195,yellow
213,101,194,yellow
214,101,193,yellow
213,101,194,yellow
215,101,193,yellow
215,101,192,yellow
195,104,185,yellow
217,99,193,yellow
217,101,188,yellow
117,127,86,blue
121,126,85,blue
124,126,84,blue
124,122,88,blue
127,123,87,blue
130,122,86,blue
134,119,90,blue
128,123,87,blue
210,125,129,white
213,125,129,white
212,124,130,white
208,125,130,white
211,126,127,white
211,124,130,white
208,125,129,white
210,124,130,white
210,124,130,white
253,125,127,white
252,125,128,white
253,125,128,white
253,125,127,white
253,126,127,white
253,126,128,white
253,126,127,white
217,145,142,orange
226,140,137,orange
210,148,147,orange
196,156,154,orange
209,149,147,orange
207,150,151,orange
203,153,150,orange
202,153,153,orange
192,158,159,orange
186,60,176,green
185,61,175,green
182,61,175,green
187,60,176,green
187,60,175,green
185,62,172,green
187,60,176,green
185,61,175,green
183,62,172,green
96,173,144,red
91,175,149,red
92,173,149,red
126,166,135,red
97,172,148,red
140,162,130,red
98,172,148,red
98,170,149,red
194,126,133,white
195,126,133,white
195,126,133,white
195,128,130,white
194,127,133,white
195,127,131,white
196,126,132,white
195,127,133,white
217,125,122,white
216,126,122,white
214,127,121,white
214,125,121,white
213,127,119,white
213,125,122,white
214,125,121,white
135,196,179,orange
135,195,179,orange
138,193,168,orange
133,196,184,orange
131,196,181,orange
132,194,174,orange
114,187,169,orange
124,195,178,orange
122,195,175,orange
54,170,153,red
58,172,155,red
56,171,157,red
56,171,158,red
201,107,188,yellow
206,107,188,yellow
206,107,186,yellow
203,108,185,yellow
208,107,181,yellow
207,107,186,yellow
214,112,163,yellow
217,115,157,yellow
196,113,163,yellow
181,61,175,green
181,61,176,green
185,62,170,green
181,60,179,green
184,62,170,green
179,62,175,green
88,90,158,green
89,90,156,green
88,91,157,green
88,89,158,green
85,90,158,green
85,91,157,green
85,90,158,green
83,90,159,green
86,91,156,green
135,123,84,blue
105,123,93,blue
131,126,82,blue
132,127,81,blue
127,126,83,blue
117,130,81,blue
236,130,127,white
235,130,127,white
234,130,127,white
235,129,128,white
234,131,126,white
236,129,128,white
233,130,127,white
235,129,128,white
192,157,161,orange
168,173,193,orange
161,176,191,orange
191,159,160,orange
164,176,192,orange
161,178,189,orange
186,162,160,orange
159,175,186,orange
151,177,183,orange
177,89,147,green
141,80,155,green
137,81,154,green
160,77,154,green
137,79,156,green
158,77,153,green
134,79,157,green
133,83,152,green
125,173,178,orange
135,170,176,orange
138,169,171,orange
119,177,182,orange
117,182,183,orange
122,179,181,orange
112,184,182,orange
117,182,184,orange
131,173,175,orange
127,113,100,blue
129,112,100,blue
144,113,106,blue
128,113,99,blue
130,112,99,blue
138,110,103,blue
128,113,100,blue
130,112,100,blue
134,111,101,blue
224,112,178,yellow
224,112,177,yellow
201,116,163,yellow
223,112,178,yellow
220,112,173,yellow
153,177,187,orange
161,178,194,orange
162,176,195,orange
151,180,193,orange
157,181,197,orange
158,180,197,orange
151,178,192,orange
151,183,195,orange
155,181,197,orange
138,78,155,green
150,76,155,green
149,76,155,green
133,80,152,green
139,78,156,green
146,77,154,green
125,83,151,green
139,79,153,green
58,158,144,red
90,181,168,red
100,188,176,red
87,170,157,red
92,181,169,red
99,189,179,red
83,177,164,red
91,182,170,red
98,188,179,red
97,172,163,orange
93,175,164,orange
95,176,164,orange
94,175,165,orange
96,175,166,orange
97,175,166,orange
96,174,165,orange
97,175,166,orange
100,175,164,orange
226,111,190,yellow
239,107,202,yellow
235,107,201,yellow
240,109,205,yellow
240,107,203,yellow
236,107,201,yellow
240,109,205,yellow
240,109,203,yellow
236,107,199,yellow
171,134,134,white
183,132,135,white
181,133,135,white
176,133,134,white
184,133,134,white
183,133,136,white
178,134,134,white
179,134,134,white
180,133,135,white
99,173,169,orange
118,174,177,orange
119,173,172,orange
110,175,177,orange
117,176,179,orange
120,175,177,orange
107,180,179,orange
111,179,180,orange
117,175,178,orange
159,78,145,green
156,78,147,green
149,78,149,green
158,78,144,green
145,78,151,green
151,80,144,green
151,79,146,green
145,78,151,green
87,176,153,red
94,173,147,red
102,167,140,red
80,180,164,red
81,180,164,red
90,176,148,red
80,180,164,red
82,180,167,red
91,177,148,red
129,122,95,blue
137,121,97,blue
148,120,101,blue
124,120,93,blue
128,119,93,blue
152,120,101,blue
128,120,92,blue
131,119,91,blue
137,118,92,blue
220,115,200,yellow
222,116,192,yellow
224,114,186,yellow
225,113,199,yellow
225,116,191,yellow
224,114,187,yellow
222,115,198,yellow
226,113,193,yellow
222,114,188,yellow
187,132,135,white
198,132,134,white
200,132,133,white
194,132,133,white
198,132,133,white
198,132,133,white
195,132,134,white
93,179,176,orange
97,181,178,orange
100,182,179,orange
108,183,182,orange
113,182,184,orange
115,183,184,orange
116,184,185,orange
118,184,186,orange
119,181,186,orange
111,105,119,green
125,106,115,green
132,107,113,green
96,103,126,green
106,104,120,green
110,105,118,green
91,100,133,green
95,100,129,green
98,101,128,green
46,125,108,blue
54,122,108,blue
57,123,109,blue
51,123,109,blue
56,122,109,blue
57,123,108,blue
52,123,109,blue
59,122,109,blue
63,122,110,blue
103,182,151,red
100,184,159,red
101,182,160,red
96,185,163,red
95,186,171,red
95,184,168,red
94,186,168,red
94,186,171,red
95,184,170,red
102,126,92,blue
97,127,91,blue
96,127,92,blue
99,128,89,blue
95,128,90,blue
91,130,90,blue
102,127,89,blue
97,129,90,blue
95,126,93,blue
198,115,189,yellow
199,113,188,yellow
196,115,188,yellow
180,116,182,yellow
93,89,153,green
121,83,154,green
121,83,153,green
98,88,153,green
112,86,152,green
124,84,151,green
102,88,151,green
114,87,150,green
124,83,152,green
247,128,127,white
245,127,127,white
242,127,126,white
245,127,127,white
242,128,125,white
240,127,126,white
238,127,126,white
234,127,126,white
145,180,192,orange
141,182,191,orange
137,180,189,orange
142,182,191,orange
140,183,191,orange
138,182,191,orange
142,181,191,orange
135,184,189,orange
134,183,188,orange
104,185,179,red
103,185,179,red
107,186,180,red
102,188,181,red
128,176,164,red
107,187,181,red
104,188,181,red
130,115,97,blue
138,113,98,blue
163,117,107,blue
129,115,97,blue
140,113,99,blue
167,117,109,blue
125,115,97,blue
135,115,98,blue
159,117,107,blue
231,106,154,yellow
232,106,153,yellow
232,107,152,yellow
230,106,153,yellow
231,106,152,yellow
229,105,155,yellow
228,106,152,yellow
228,106,153,yellow
228,105,154,yellow
200,133,130,white
202,131,130,white
200,132,130,white
197,133,130,white
200,132,130,white
200,132,130,white
183,133,130,white
194,133,130,white
161,180,146,red
154,192,158,red
148,197,167,red
171,177,145,red
161,187,153,red
149,196,162,red
178,173,142,red
166,182,150,red
148,189,156,red
150,176,166,orange
146,179,169,orange
147,176,160,orange
151,176,170,orange
148,179,170,orange
147,178,165,orange
146,180,171,orange
147,178,168,orange
105,179,159,red
114,178,154,red
124,180,151,red
111,178,154,red
96,185,172,red
102,187,170,red
116,175,150,red
92,186,175,red
94,186,174,red
119,125,110,blue
92,123,104,blue
93,124,105,blue
118,124,111,blue
85,122,104,blue
92,124,106,blue
85,122,106,blue
81,122,106,blue
84,121,108,blue
210,114,190,yellow
214,111,192,yellow
211,112,192,yellow
210,114,189,yellow
215,111,192,yellow
211,112,192,yellow
191,115,185,yellow
202,114,191,yellow
209,112,189,yellow
174,133,134,white
173,133,134,white
161,134,134,white
171,134,133,white
170,135,132,white
162,134,132,white
167,134,131,white
165,133,132,white
160,133,131,white
145,181,184,orange
145,180,183,orange
142,177,175,orange
144,181,183,orange
142,181,183,orange
138,180,178,orange
142,181,175,orange
140,179,177,orange
134,181,177,orange
115,89,149,green
119,91,147,green
116,94,146,green
113,88,149,green
111,89,148,green
114,94,147,green
101,91,148,green
112,90,148,green
112,92,148,green
80,176,166,red
77,177,166,red
73,174,162,red
74,177,166,red
71,176,166,red
69,175,164,red
65,172,161,red
70,176,164,red
69,174,164,red
90,133,100,blue
89,132,100,blue
85,134,100,blue
87,131,102,blue
85,132,101,blue
85,132,101,blue
83,131,99,blue
80,131,98,blue
73,133,96,blue
241,110,180,yellow
236,109,184,yellow
230,109,184,yellow
235,108,188,yellow
232,108,188,yellow
228,109,185,yellow
230,108,189,yellow
227,108,190,yellow
223,108,186,yellow
218,59,158,green
211,56,172,green
207,55,175,green
218,56,166,green
211,54,175,green
208,55,175,green
219,58,162,green
213,55,173,green
210,55,175,green
155,76,150,green
154,77,150,green
150,77,152,green
148,76,154,green
144,77,154,green
142,78,153,green
175,134,139,white
175,133,138,white
157,133,137,white
172,133,137,white
171,133,136,white
162,133,136,white
164,133,136,white
163,133,137,white
159,134,134,white
87,175,172,orange
84,174,173,orange
74,172,167,orange
84,178,173,orange
83,176,172,orange
74,173,168,orange
83,176,172,orange
79,177,170,orange
70,172,166,orange
133,81,152,green
137,79,155,green
133,80,154,green
134,78,157,green
131,80,154,green
125,82,154,green
130,80,154,green
128,81,153,green
97,175,156,red
93,181,160,red
92,179,158,red
99,176,151,red
90,179,159,red
88,179,159,red
94,135,86,blue
91,136,85,blue
88,135,87,blue
93,136,85,blue
93,136,84,blue
89,137,84,blue
88,138,83,blue
89,137,83,blue
91,136,86,blue
231,111,171,yellow
228,111,171,yellow
224,111,171,yellow
229,112,170,yellow
226,111,173,yellow
221,112,170,yellow
216,111,168,yellow
221,112,171,yellow
217,112,171,yellow
178,120,106,blue
176,120,105,blue
167,120,103,blue
161,118,100,blue
180,120,106,blue
174,120,105,blue
140,118,91,blue
142,117,92,blue
170,120,104,blue
238,129,130,white
241,130,130,white
245,129,131,white
236,129,130,white
239,130,129,white
233,130,130,white
235,130,130,white
108,176,173,orange
113,178,177,orange
115,175,178,orange
107,177,174,orange
110,179,178,orange
113,179,178,orange
106,175,175,orange
111,179,179,orange
115,178,180,orange
231,127,126,white
113,87,153,green
109,87,154,green
111,89,152,green
109,86,155,green
106,86,156,green
106,87,154,green
109,86,156,green
101,90,152,green
141,119,181,yellow
200,110,190,yellow
199,110,189,yellow
146,119,183,yellow
198,110,190,yellow
199,112,190,yellow
152,119,181,yellow
198,113,188,yellow
199,112,190,yellow
181,133,137,white
183,132,137,white
190,131,134,white
177,132,138,white
179,133,134,white
183,131,136,white
170,133,137,white
169,133,136,white
175,131,135,white
134,182,184,orange
135,185,190,orange
142,184,190,orange
133,184,189,orange
134,187,191,orange
142,185,194,orange
132,182,187,orange
133,187,191,orange
138,189,193,orange
158,72,159,green
166,72,156,green
172,75,150,green
165,71,157,green
168,72,154,green
155,72,161,green
161,71,160,green
164,71,157,green
93,185,173,red
95,187,175,red
97,188,175,red
91,185,174,red
94,187,176,red
95,187,176,red
91,185,173,red
125,121,90,blue
125,122,89,blue
134,117,92,blue
122,122,89,blue
124,122,89,blue
127,122,88,blue
123,122,89,blue
128,121,90,blue
225,108,181,yellow
226,109,179,yellow
229,110,175,yellow
224,108,187,yellow
225,108,184,yellow
228,109,180,yellow
223,107,192,yellow
223,106,189,yellow
225,108,184,yellow
211,134,135,white
217,133,135,white
215,134,135,white
218,134,134,white
216,135,135,white
206,135,136,white
214,134,136,white
100,186,180,orange
116,189,185,orange
116,185,184,orange
103,189,182,orange
111,189,184,orange
114,188,184,orange
105,189,182,orange
108,188,183,orange
113,186,183,orange
136,112,97,blue
139,112,97,blue
131,116,94,blue
139,112,97,blue
130,116,95,blue
131,116,94,blue
138,112,97,blue
122,78,165,green
131,76,168,green
138,74,165,green
119,79,165,green
128,77,167,green
137,75,165,green
123,78,166,green
131,76,166,green
82,100,151,green
90,99,150,green
102,96,151,green
64,171,160,red
64,172,161,red
67,174,162,red
63,170,159,red
61,171,161,red
61,172,160,red
54,167,154,red
52,167,154,red
54,167,155,red
69,129,101,blue
71,129,101,blue
81,130,104,blue
68,127,103,blue
67,129,101,blue
78,130,104,blue
68,129,102,blue
69,129,102,blue
77,129,103,blue
223,108,198,yellow
226,108,198,yellow
227,108,198,yellow
222,109,194,yellow
225,108,196,yellow
226,109,196,yellow
219,110,189,yellow
222,109,192,yellow
224,109,190,yellow
76,173,168,red
69,169,165,red
72,173,166,red
68,173,165,red
71,172,166,red
64,172,164,red
64,172,164,red
66,172,165,red
108,193,184,red
109,194,184,red
111,193,185,red
107,194,184,red
108,195,184,red
110,195,185,red
110,194,185,red
210,130,132,white
211,130,132,white
211,130,132,white
212,131,132,white
213,131,130,white
212,131,132,white
213,131,133,white
212,130,133,white
213,131,132,white
162,179,197,orange
165,176,199,orange
159,181,198,orange
163,179,200,orange
162,179,200,orange
137,178,190,orange
158,182,199,orange
161,178,199,orange
155,72,161,green
151,73,163,green
149,74,160,green
152,73,160,green
149,73,162,green
146,75,161,green
75,175,164,red
100,189,180,red
99,188,180,red
76,178,169,red
99,190,180,red
98,190,180,red
83,183,174,red
99,190,181,red
100,189,180,red
226,92,209,yellow
228,90,212,yellow
230,91,211,yellow
228,92,209,yellow
230,91,212,yellow
233,91,212,yellow
229,89,209,yellow
232,91,211,yellow
235,93,207,yellow
119,124,97,blue
142,117,95,blue
143,119,96,blue
134,119,93,blue
137,119,91,blue
140,118,92,blue
134,119,91,blue
136,119,91,blue
145,118,96,blue
181,112,173,yellow
187,112,174,yellow
188,113,172,yellow
183,112,173,yellow
188,112,176,yellow
190,112,175,yellow
188,112,174,yellow
199,109,187,yellow
196,107,193,yellow
194,108,191,yellow
198,108,189,yellow
197,108,193,yellow
194,108,191,yellow
197,109,186,yellow
193,109,188,yellow
191,109,187,yellow
122,122,92,blue
117,123,91,blue
114,122,93,blue
119,122,91,blue
116,123,92,blue
112,123,93,blue
115,124,90,blue
112,123,93,blue
98,181,171,red
92,182,171,red
91,179,169,red
95,184,172,red
90,183,172,red
88,181,169,red
93,183,172,red
90,183,172,red
108,89,152,green
108,88,152,green
116,88,151,green
107,88,152,green
109,88,152,green
114,88,151,green
107,90,150,green
107,88,152,green
112,89,151,green
157,180,191,orange
154,180,191,orange
150,180,186,orange
154,184,194,orange
152,183,193,orange
150,181,188,orange
155,182,195,orange
151,184,193,orange
148,182,189,orange
201,128,130,white
219,127,131,white
219,128,130,white
217,128,130,white
218,128,129,white
212,128,130,white
218,128,131,white
215,128,130,white
177,131,134,white
165,135,148,white
162,136,146,white
156,137,146,white
161,136,147,white
161,136,144,white
156,135,146,white
159,136,146,white
154,136,144,white
121,178,183,orange
120,181,183,orange
119,180,182,orange
117,180,182,orange
118,180,182,orange
117,179,181,orange
81,95,151,green
83,94,152,green
83,94,151,green
76,94,153,green
78,94,152,green
82,95,150,green
74,94,152,green
77,94,152,green
81,95,150,green
89,100,146,green
93,100,146,green
97,103,145,green
82,98,148,green
85,97,148,green
90,99,146,green
81,98,149,green
82,97,148,green
90,99,146,green
85,155,145,red
81,157,145,red
80,155,144,red
71,163,151,red
70,161,150,red
69,161,149,red
67,164,153,red
68,163,151,red
111,123,96,blue
113,123,95,blue
114,123,96,blue
104,125,93,blue
108,125,92,blue
96,125,98,blue
104,125,93,blue
106,124,93,blue
82,128,100,blue
211,112,182,yellow
212,110,187,yellow
212,112,189,yellow
211,110,181,yellow
211,110,186,yellow
211,112,187,yellow
209,110,181,yellow
209,111,184,yellow
209,110,186,yellow
211,133,135,white
212,133,135,white
212,133,135,white
211,133,135,white
212,133,134,white
211,132,135,white
210,133,134,white
209,133,134,white
143,173,175,orange
139,176,177,orange
137,176,174,orange
139,176,177,orange
137,177,180,orange
137,176,175,orange
136,175,178,orange
134,178,177,orange
137,175,173,orange
150,78,157,green
147,76,159,green
145,77,158,green
146,76,160,green
147,76,160,green
147,78,156,green
144,77,159,green
144,77,159,green
145,79,157,green
97,185,174,red
98,184,174,red
95,186,177,red
95,186,175,red
97,185,175,red
95,185,175,red
96,186,175,red
98,185,175,red
162,116,101,blue
157,116,100,blue
141,117,94,blue
150,116,96,blue
145,115,95,blue
135,119,92,blue
142,115,95,blue
136,117,93,blue
132,119,92,blue
228,111,213,yellow
227,112,210,yellow
222,112,208,yellow
227,111,213,yellow
225,112,212,yellow
223,112,205,yellow
227,111,212,yellow
224,112,211,yellow
219,115,201,yellow
105,121,176,yellow
112,119,178,yellow
109,119,177,yellow
108,121,177,yellow
112,119,177,yellow
109,119,176,yellow
105,119,176,yellow
109,119,177,yellow
106,119,176,yellow
193,127,131,white
192,128,129,white
190,127,131,white
193,128,130,white
194,128,128,white
189,127,129,white
190,126,130,white
183,127,129,white
141,176,186,orange
140,180,189,orange
112,180,181,orange
136,177,183,orange
139,178,188,orange
136,180,189,orange
135,176,182,orange
136,178,184,orange
134,177,183,orange
103,91,151,green
111,91,150,green
116,92,151,green
104,92,151,green
109,90,154,green
110,91,151,green
103,92,151,green
107,89,153,green
108,90,153,green
88,174,161,red
87,173,160,red
87,173,157,red
85,175,163,red
84,172,160,red
83,173,160,red
84,172,159,red
87,173,161,red
128,120,90,blue
127,121,90,blue
132,119,91,blue
122,122,89,blue
123,122,89,blue
127,121,90,blue
118,122,90,blue
122,121,91,blue
126,120,92,blue
200,110,189,yellow
202,110,188,yellow
198,110,187,yellow
198,112,189,yellow
199,112,188,yellow
198,113,186,yellow
193,111,186,yellow
196,113,188,yellow
200,113,185,yellow
138,168,163,orange
139,168,162,orange
133,170,165,orange
117,181,180,orange
120,179,179,orange
138,167,162,orange
115,179,178,orange
116,180,179,orange
128,171,166,orange
81,132,93,blue
121,178,177,orange
69,172,162,red
80,130,93,blue
183,129,126,white
77,132,92,blue
102,90,148,green
100,88,152,green
65,174,163,red
94,131,88,blue
201,128,127,white
195,110,182,yellow
72,177,167,red
129,178,181,orange
127,178,174,orange
152,178,185,orange
125,126,84,blue
225,106,178,yellow
218,127,124,white
153,75,155,green
225,106,183,yellow
217,129,123,white
150,74,158,green
119,130,81,blue
143,128,131,white
157,127,134,white
153,127,135,white
156,127,133,white
156,129,133,white
154,128,136,white
156,129,135,white
156,129,135,white
152,129,136,white
132,179,168,red
251,120,149,yellow
136,178,166,red
131,178,169,red
123,185,178,red
204,148,162,orange
202,150,164,orange
247,117,155,yellow
244,112,174,yellow
242,128,128,white
188,89,139,green
148,119,92,blue
107,182,174,red
246,117,155,yellow
175,80,143,green
154,78,149,green
150,179,190,orange
90,184,175,red
118,128,83,blue
216,108,185,yellow
218,108,184,yellow
118,128,84,blue
219,128,126,white
149,179,186,orange
64,171,159,red
89,131,90,blue
180,111,158,yellow
181,112,166,yellow
185,128,122,white
184,126,123,white
100,92,143,green
176,111,159,yellow
180,126,123,white
86,130,105,blue
182,135,134,white
83,129,100,blue
123,180,185,orange
122,182,186,orange
78,130,99,blue
114,98,150,green
113,96,150,green
108,91,153,green
111,177,182,orange
67,129,109,blue
117,179,184,orange
166,136,140,white
102,95,151,green
175,124,198,yellow
120,182,186,orange
106,94,151,green
90,132,106,blue
73,127,108,blue
66,170,163,red
161,135,138,white
160,135,140,white
93,94,152,green
67,170,164,red
92,95,153,green
158,124,193,yellow
134,77,161,green
147,184,196,orange
91,184,177,red
143,187,194,orange
104,126,92,blue
87,183,175,red
85,184,174,red
86,184,175,red
143,181,193,orange
190,133,136,white
215,113,212,yellow
216,112,212,yellow
132,186,191,orange
214,113,211,yellow
98,186,179,red
205,133,134,white
107,126,91,blue
216,112,212,yellow
217,125,123,white
88,182,172,red
119,130,81,blue
227,124,122,white
222,107,165,yellow
223,107,164,yellow
159,172,178,orange
89,181,167,red
54,100,149,green
54,101,148,green
48,105,146,green
53,100,149,green
56,100,148,green
54,101,148,green
50,102,147,green
54,101,146,green
51,103,146,green
156,167,186,orange
92,127,97,blue
118,85,155,green
135,96,147,green
143,178,193,orange
80,178,172,red
115,129,102,blue
121,86,154,green
81,178,173,red
126,83,152,green
200,108,201,yellow
98,131,87,blue
80,180,172,red
126,81,155,green
209,130,128,white
198,111,199,yellow
135,187,191,orange
126,81,155,green
203,131,132,white
90,176,171,red
202,110,204,yellow
99,124,96,blue
89,178,173,red
103,125,97,blue
204,132,134,white
205,132,133,white
199,113,206,yellow
136,179,178,orange
212,127,124,white
147,174,176,orange
133,181,180,orange
101,133,83,blue
210,108,176,yellow
133,181,180,orange
128,81,153,green
213,127,124,white
100,127,91,blue
143,181,193,orange
85,180,172,red
202,110,205,yellow
204,110,206,yellow
207,131,130,white
129,80,157,green
129,80,157,green
85,183,175,red
181,112,162,yellow
84,129,94,blue
121,89,141,green
65,165,156,red
187,128,123,white
138,169,155,orange
63,169,157,red
109,93,140,green
198,127,124,white
205,132,137,white
133,90,151,green
163,162,185,orange
189,154,206,orange
229,108,216,yellow
101,185,181,red
184,158,205,orange
101,185,180,red
102,183,180,red
141,119,96,blue
219,109,213,yellow
99,182,179,red
236,129,128,white
167,173,200,orange
234,106,197,yellow
235,129,128,white
133,121,89,blue
157,121,97,blue
132,80,156,green
164,177,199,orange
235,128,128,white
231,108,216,yellow
174,81,151,green
106,187,182,red
232,108,217,yellow
153,120,98,blue
127,122,89,blue
235,132,131,white
138,121,93,blue
164,177,174,orange
166,175,173,orange
166,175,169,orange
163,178,176,orange
165,176,175,orange
165,176,170,orange
162,180,174,orange
164,178,172,orange
105,129,89,blue
143,184,192,orange
204,111,197,yellow
87,183,174,red
206,110,204,yellow
85,182,173,red
85,182,174,red
121,82,154,green
129,176,175,orange
134,179,185,orange
200,128,123,white
116,85,149,green
120,82,154,green
129,180,179,orange
131,176,171,orange
188,110,184,yellow
191,110,186,yellow
91,130,90,blue
193,129,127,white
128,180,183,orange
74,176,166,red
85,131,90,blue
194,129,127,white
85,133,88,blue
189,129,124,white
120,180,180,orange
78,137,85,blue
186,108,184,yellow
106,86,152,green
64,174,163,red
112,86,149,green
81,136,85,blue
183,110,180,yellow
132,81,152,green
213,130,128,white
205,109,196,yellow
129,82,152,green
86,181,171,red
199,110,193,yellow
133,183,186,orange
95,130,88,blue
197,130,127,white
77,174,161,red
201,107,159,yellow
203,123,122,white
75,176,163,red
99,133,83,blue
70,173,161,red
123,84,150,green
204,124,122,white
203,123,122,white
144,121,186,yellow
110,174,178,orange
112,174,179,orange
61,129,106,blue
148,121,189,yellow
72,130,107,blue
54,166,157,red
86,97,149,green
66,168,159,red
229,108,196,yellow
248,117,156,yellow
230,129,128,white
235,129,127,white
94,185,177,red
96,185,176,red
153,78,151,green
188,159,172,orange
102,187,178,red
242,126,126,white
140,122,84,blue
174,168,188,orange
163,72,157,green
170,172,182,orange
135,119,184,yellow
43,162,153,red
61,102,147,green
43,131,104,blue
63,99,151,green
39,131,107,blue
69,99,148,green
134,134,136,white
127,124,182,yellow
182,106,200,yellow
179,109,199,yellow
169,110,196,yellow
174,109,198,yellow
175,112,198,yellow
163,110,193,yellow
175,112,198,yellow
169,112,196,yellow
159,111,192,yellow
81,180,170,red
96,131,90,blue
136,181,187,orange
196,112,193,yellow
83,180,172,red
136,183,186,orange
85,133,89,blue
194,112,192,yellow
83,179,169,red
63,127,110,blue
151,136,143,white
58,130,111,blue
148,124,190,yellow
61,128,109,blue
82,102,148,green
83,100,150,green
105,182,181,orange
144,138,142,white
119,184,185,orange
104,89,151,green
89,130,97,blue
102,89,153,green
181,115,193,yellow
124,180,179,orange
172,116,187,yellow
179,133,130,white
180,132,130,white
85,169,154,red
210,110,157,yellow
208,110,152,yellow
214,124,123,white
213,125,121,white
166,158,148,orange
147,168,163,orange
146,168,163,orange
78,170,156,red
154,89,131,green
103,163,144,red
214,124,122,white
123,127,87,blue
151,167,162,orange
212,124,122,white
105,132,83,blue
75,172,160,red
206,109,155,yellow
171,170,198,orange
150,123,104,blue
232,131,132,yellow
226,132,133,white
152,77,157,green
148,76,158,green
146,85,152,green
110,123,92,blue
113,122,93,blue
137,176,175,orange
202,109,180,yellow
132,82,149,green
131,181,181,orange
77,179,168,red
129,83,148,green
91,134,85,blue
94,135,83,blue
209,129,125,white
133,126,112,blue
203,120,185,yellow
199,119,188,yellow
132,158,151,red
95,123,105,blue
196,119,188,yellow
117,161,154,red
123,94,150,green
80,174,169,red
231,105,210,yellow
162,72,156,green
238,128,127,white
233,106,206,yellow
128,171,154,red
162,179,200,orange
165,176,198,orange
169,78,148,green
228,112,201,yellow
225,112,207,yellow
220,112,208,yellow
164,176,199,orange
224,133,131,white
166,173,197,orange
218,132,133,white
210,113,210,yellow
220,133,131,white
74,93,154,green
71,95,154,green
83,92,156,green
79,92,155,green
77,93,154,green
80,93,154,green
83,92,154,green
85,93,152,green
159,169,157,orange
115,130,85,blue
82,167,141,red
75,177,165,red
114,86,149,green
93,130,92,blue
70,177,166,red
71,136,88,blue
66,162,140,red
157,165,151,orange
131,126,97,blue
121,127,96,blue
213,127,126,white
148,169,160,orange
196,128,126,white
206,115,157,yellow
195,128,127,white
80,132,90,blue
134,80,152,green
77,176,166,red
108,128,86,blue
149,169,175,orange
77,178,169,red
132,80,152,green
79,179,171,red
80,178,169,red
133,82,147,green
239,119,165,yellow
165,106,137,green
147,183,183,orange
218,126,163,yellow
103,132,90,blue
128,91,144,green
144,98,139,green
140,188,183,orange
139,185,184,orange
134,79,159,green
93,186,178,red
218,134,132,white
206,113,208,yellow
209,113,210,yellow
142,81,156,green
207,133,130,white
209,134,130,white
107,127,93,blue
195,109,195,yellow
135,183,188,orange
203,130,128,white
195,110,192,yellow
201,130,127,white
192,110,190,yellow
133,181,187,orange
200,130,127,white
142,177,183,orange
130,82,155,green
132,82,155,green
188,114,193,yellow
199,131,130,white
84,177,169,red
82,128,96,blue
84,128,94,blue
139,178,181,orange
200,112,190,yellow
103,125,93,blue
91,178,169,red
204,128,131,white
147,179,181,orange
90,179,169,red
128,81,156,green
207,128,131,white
210,128,131,white
229,130,130,white
124,123,91,blue
165,178,176,orange
154,187,196,orange
160,76,155,green
227,112,188,yellow
95,189,179,red
224,108,198,yellow
162,180,183,orange
230,130,132,white
161,180,198,orange
120,123,89,blue
148,73,162,green
95,188,179,red
95,187,178,red
140,75,161,green
153,183,193,orange
223,129,130,white
139,80,153,green
136,79,156,green
133,80,156,green
138,80,154,green
135,79,157,green
128,79,160,green
136,80,154,green
131,78,159,green
126,79,160,green
173,115,196,yellow
178,130,138,white
66,175,166,red
60,131,96,blue
65,129,98,blue
96,86,160,green
62,130,98,blue
63,174,164,red
94,87,159,green
107,189,176,red
239,107,192,yellow
239,108,194,yellow
165,69,163,green
236,108,196,yellow
243,127,129,white
231,107,193,yellow
164,179,181,orange
123,127,84,blue
60,172,163,red
161,124,195,yellow
162,124,195,yellow
78,94,155,green
155,124,193,yellow
161,137,140,white
151,124,191,yellow
102,190,181,orange
40,137,96,blue
70,129,97,blue
85,131,90,blue
193,114,201,yellow
68,176,166,red
73,133,91,blue
197,130,133,white
99,88,156,green
101,85,160,green
73,179,169,red
210,128,129,white
139,184,183,orange
127,80,158,green
82,182,173,red
79,182,172,red
128,80,158,green
97,129,88,blue
137,187,186,orange
208,127,129,white
152,184,196,orange
219,109,212,yellow
153,186,198,orange
111,126,89,blue
220,109,213,yellow
226,131,133,white
151,190,197,orange
93,188,178,red
143,130,136,white
213,126,130,white
135,77,160,green
63,173,164,red
148,180,179,orange
214,127,128,white
166,178,176,orange
162,71,160,green
161,71,160,green
233,108,187,yellow
239,128,127,white
97,189,180,red
127,122,87,blue
122,126,84,blue
162,181,188,orange
242,119,125,white
153,169,160,orange
92,168,143,red
236,101,153,yellow
213,122,122,white
211,123,122,white
82,181,166,red
145,170,152,orange
155,163,142,orange
192,73,140,green
155,125,77,blue
211,148,145,orange
183,67,157,green
199,80,133,green
144,175,137,red
180,68,156,green
182,156,168,orange
183,152,168,orange
190,150,165,orange
184,155,167,orange
188,152,167,orange
195,150,164,orange
187,153,168,orange
192,151,166,orange
200,110,206,yellow
197,107,205,yellow
196,107,204,yellow
201,110,207,yellow
197,107,204,yellow
201,110,207,yellow
201,110,206,yellow
201,110,204,yellow
213,114,187,yellow
115,129,99,blue
120,129,102,blue
77,180,170,red
120,84,154,green
128,129,106,blue
207,133,134,white
127,79,162,green
139,193,194,orange
85,185,175,red
207,113,209,yellow
205,134,132,white
209,133,133,white
87,186,176,red
125,81,157,green
87,134,85,blue
212,133,130,white
122,82,156,green
83,136,85,blue
86,184,172,red
79,136,87,blue
79,136,86,blue
199,114,198,yellow
94,184,173,red
224,128,131,white
163,180,182,orange
159,180,182,orange
213,110,199,yellow
146,74,162,green
211,111,193,yellow
156,180,182,orange
159,180,182,orange
143,180,190,orange
106,125,95,blue
206,128,134,white
140,87,149,green
209,129,130,white
131,190,191,orange
157,168,165,orange
151,173,175,orange
77,133,90,blue
197,107,135,green
163,124,105,blue
72,178,168,red
168,169,166,orange
225,129,130,white
126,182,187,orange
79,131,92,blue
199,112,191,yellow
175,72,156,green
249,130,131,white
249,130,131,white
238,132,130,white
172,71,158,green
242,107,217,yellow
82,177,171,red
209,113,209,yellow
157,174,196,orange
83,125,99,blue
92,181,176,red
133,79,159,green
186,114,200,yellow
206,130,134,white
87,180,174,red
138,78,159,green
92,188,178,red
223,134,130,white
145,191,196,orange
99,134,83,blue
219,112,213,yellow
212,112,209,yellow
140,75,164,green
95,190,179,red
240,131,132,white
236,104,218,yellow
134,123,89,blue
103,193,182,red
238,103,219,yellow
130,124,87,blue
165,67,169,green
105,193,183,red
120,183,172,red
65,169,152,red
65,170,154,red
69,169,151,red
63,170,155,red
63,171,156,red
62,169,155,red
81,180,169,red
198,110,192,yellow
137,182,181,orange
94,128,89,blue
205,128,128,white
123,80,160,green
77,180,170,red
86,132,88,blue
135,183,182,orange
194,127,131,white
114,83,158,green
68,176,165,red
129,181,181,orange
130,182,180,orange
65,175,164,red
104,84,161,green
179,111,188,yellow
177,113,190,yellow
141,120,88,blue
140,119,88,blue
145,118,91,blue
175,67,162,green
176,68,161,green
175,68,160,green
134,121,88,blue
110,191,184,red
242,105,211,yellow
241,123,123,white
242,123,123,white
98,187,168,red
95,188,175,red
171,174,167,orange
169,174,164,orange
238,123,121,white
237,123,121,white
102,137,78,blue
217,129,126,white
133,78,159,green
141,194,195,orange
101,136,79,blue
95,140,77,blue
217,105,203,yellow
216,106,200,yellow
136,78,157,green
59,169,158,red
149,123,186,yellow
80,94,153,green
107,180,177,orange
147,123,187,yellow
153,132,141,white
105,180,176,orange
52,169,158,red
143,123,186,yellow
137,74,167,green
125,77,166,green
206,110,209,yellow
204,130,133,white
77,128,95,blue
128,75,173,green
82,126,96,blue
199,130,133,white
88,125,95,blue
140,176,182,orange
91,125,95,blue
203,107,182,yellow
142,176,185,orange
141,176,186,orange
139,175,182,orange
127,78,163,green
139,176,186,orange
79,181,172,red
143,180,182,orange
187,129,126,white
138,181,172,orange
129,79,158,green
103,85,159,green
95,88,156,green
90,89,156,green
164,111,173,yellow
177,129,127,white
54,170,160,red
161,112,171,yellow
52,170,159,red
86,90,154,green
44,139,93,blue
120,181,158,red
124,179,156,red
120,175,153,red
108,188,168,red
107,188,170,red
119,176,154,red
103,188,170,red
104,186,168,red
118,175,151,red
169,128,127,white
61,129,99,blue
168,128,127,white
57,167,160,red
61,129,99,blue
171,127,128,white
58,167,160,red
173,127,128,white
55,132,97,blue
42,163,152,red
153,108,167,yellow
89,166,166,orange
40,163,152,red
152,107,167,yellow
136,128,121,white
92,171,171,orange
37,142,92,blue
128,109,165,yellow
152,86,152,green
207,113,186,yellow
206,129,134,white
105,119,101,blue
208,130,133,white
131,192,188,orange
129,79,158,green
206,129,134,white
244,108,196,yellow
245,111,193,yellow
149,112,99,blue
165,176,196,orange
243,109,203,yellow
245,127,138,white
135,112,97,blue
157,184,197,orange
145,178,181,orange
103,122,95,blue
211,125,129,white
145,179,186,orange
136,75,165,green
128,76,169,green
144,178,185,orange
212,126,129,white
126,77,169,green
157,111,157,yellow
110,166,157,orange
166,127,120,white
159,128,121,white
43,164,153,red
164,110,156,yellow
40,162,152,red
42,163,152,red
157,111,155,yellow
65,142,84,blue
90,91,150,green
145,111,172,yellow
86,90,154,green
43,142,90,blue
33,159,148,red
38,163,150,red
31,159,146,red
24,158,142,red
27,159,144,red
38,105,145,green
63,172,164,orange
98,120,173,yellow
16,139,102,blue
97,133,131,white
14,138,102,blue
248,126,136,white
170,64,175,green
240,104,217,yellow
130,116,94,blue
159,183,199,orange
239,104,215,yellow
158,183,199,orange
238,105,214,yellow
126,116,95,blue
203,145,184,orange
197,148,191,orange
189,154,199,orange
184,64,167,green
143,115,92,blue
181,63,170,green
254,127,130,white
155,111,93,blue
154,111,94,blue
159,107,97,blue
155,111,94,blue
156,111,93,blue
153,111,94,blue
149,112,94,blue
144,184,179,red
181,161,203,orange
142,117,96,blue
248,112,171,yellow
253,125,134,white
176,63,174,green
189,74,159,green
179,162,204,orange
253,125,136,white
238,109,167,yellow
233,126,127,white
161,171,158,orange
136,182,185,orange
195,106,176,yellow
166,120,109,blue
77,132,91,blue
114,183,179,orange
196,117,206,yellow
129,192,191,orange
139,79,161,green
232,120,194,yellow
187,117,203,yellow
129,78,163,green
221,134,138,white
167,63,182,green
241,126,150,white
174,167,203,orange
168,62,185,green
114,193,186,red
244,125,150,white
117,114,101,blue
172,62,181,green
189,62,168,green
252,121,146,yellow
195,151,182,orange
156,109,97,blue
125,201,190,red
228,116,159,yellow
233,128,127,white
183,145,171,orange
164,67,169,green
132,112,98,blue
111,194,185,red
104,194,183,red
235,108,210,yellow
130,113,98,blue
117,117,97,blue
104,194,183,red
239,127,138,white
183,128,167,yellow
87,127,113,blue
95,127,117,blue
147,168,159,orange
125,96,150,green
189,136,136,white
189,135,136,white
88,128,111,blue
128,101,149,green
151,79,150,green
208,131,123,white
99,167,152,red
152,78,151,green
99,168,151,red
206,131,123,white
94,136,82,blue
93,136,82,blue
208,116,160,yellow
168,164,153,orange
173,174,161,orange
171,175,158,orange
169,69,161,green
125,191,179,red
190,159,164,orange
185,63,167,green
113,126,87,blue
245,131,134,white
120,191,177,red
236,118,181,yellow
110,126,88,blue
107,126,89,blue
184,164,165,orange
183,164,166,orange
191,159,163,orange
233,132,141,white
221,123,192,yellow
220,123,190,yellow
234,133,140,white
169,177,167,orange
228,132,141,white
173,174,164,orange
224,122,185,yellow
159,70,165,green
243,122,156,yellow
212,148,144,orange
189,63,165,green
239,117,178,yellow
145,182,146,red
186,63,167,green
130,191,174,red
246,130,134,white
116,123,90,blue
161,73,157,green
99,185,169,red
160,174,161,orange
155,73,159,green
214,119,175,yellow
77,135,88,blue
221,129,134,white
222,129,134,white
72,137,87,blue
109,187,168,red
107,187,171,red
171,174,164,orange
168,72,156,green
227,130,134,white
167,70,159,green
218,121,169,yellow
214,121,170,yellow
216,120,174,yellow
226,121,169,yellow
102,129,87,blue
234,128,136,white
105,189,171,red
170,175,165,orange
176,69,158,green
102,187,171,red
166,176,166,orange
227,130,135,white
131,80,155,green
137,181,165,orange
122,82,154,green
204,128,138,white
124,82,155,green
197,129,135,white
73,176,166,red
68,174,163,red
117,84,153,green
222,120,170,yellow
229,129,135,white
172,173,153,orange
92,126,94,blue
107,183,162,red
101,183,161,red
112,121,95,blue
239,119,163,yellow
130,121,88,blue
241,118,163,yellow
127,122,88,blue
248,128,133,white
105,180,168,red
204,120,162,yellow
106,124,93,blue
115,122,92,blue
238,120,163,yellow
122,121,94,blue
233,122,162,yellow
114,122,92,blue
243,131,130,white
117,175,156,red
236,120,163,yellow
113,123,91,blue
98,181,171,red
224,105,202,yellow
171,172,178,orange
227,129,125,white
228,131,123,white
97,183,171,red
95,183,169,red
106,133,80,blue
218,94,210,yellow
223,94,210,yellow
227,95,207,yellow
215,94,210,yellow
221,94,211,yellow
223,94,209,yellow
208,95,207,white
213,94,209,white
215,95,208,white
207,111,195,yellow
159,176,179,orange
89,136,83,blue
206,111,196,yellow
157,178,176,orange
215,130,129,white
87,178,171,red
203,130,128,white
111,93,166,green
129,170,172,orange
168,133,156,white
109,94,166,green
167,133,155,white
155,129,183,yellow
103,172,162,orange
50,161,149,red
77,95,148,green
128,129,171,yellow
50,163,150,red
49,160,147,red
117,138,130,white
103,171,158,orange
78,94,149,green
126,130,168,yellow
73,98,146,green
72,99,145,green
73,100,143,green
41,131,105,blue
40,132,105,blue
50,157,140,red
40,132,104,blue
47,156,137,red
61,127,101,blue
133,76,164,green
71,126,99,blue
154,175,165,orange
196,121,184,yellow
201,132,137,white
149,175,161,orange
74,128,96,blue
193,123,176,yellow
90,137,130,white
89,130,158,yellow
89,131,153,yellow
45,148,120,red
83,161,136,orange
67,164,142,orange
98,137,120,white
72,163,133,orange
28,140,99,blue
178,170,154,orange
227,124,166,yellow
114,188,161,red
114,184,160,red
233,131,134,white
164,70,160,green
179,169,154,orange
164,71,161,green
183,167,154,orange
136,119,89,blue
139,186,154,red
113,119,98,red
149,153,138,red
140,85,145,red
92,102,135,red
116,150,136,red
89,105,137,red
141,87,140,red
169,72,157,green
245,130,134,white
119,114,100,blue
117,114,101,blue
125,185,159,red
239,124,163,yellow
240,123,164,yellow
173,71,158,green
208,132,134,white
229,126,162,yellow
230,133,133,white
187,164,153,orange
105,120,97,blue
228,126,161,yellow
121,181,155,red
236,132,133,white
114,181,159,red
208,124,127,white
205,124,128,white
201,124,128,white
210,124,127,white
204,125,124,white
201,124,128,white
171,126,126,white
203,124,128,white
182,124,128,white
231,135,131,white
123,180,157,red
223,127,159,yellow
107,129,85,blue
225,126,159,yellow
100,132,84,blue
160,74,155,green
223,135,129,white
128,81,155,green
196,134,139,white
83,176,156,red
193,133,142,white
196,133,140,white
193,134,139,white
144,175,163,orange
119,82,158,green
64,121,106,blue
185,127,175,yellow
107,180,162,red
176,169,156,orange
175,171,158,orange
212,125,168,yellow
115,177,145,red
145,76,157,green
145,129,158,yellow
112,169,153,orange
89,99,145,green
146,129,158,yellow
88,96,145,green
88,97,145,green
66,160,143,red
89,96,144,green
115,169,154,orange
139,119,88,blue
137,118,89,blue
186,67,156,green
141,119,88,blue
134,122,86,blue
176,72,154,green
242,132,129,white
122,123,89,blue
194,162,141,orange
95,118,102,blue
216,126,177,yellow
169,175,161,orange
223,134,137,white
218,126,174,yellow
106,182,158,red
86,123,98,blue
144,75,159,green
214,126,171,yellow
82,91,154,green
149,133,138,white
33,132,104,blue
149,133,136,white
45,165,152,red
142,129,167,yellow
106,178,165,orange
147,133,138,white
69,168,156,orange
23,155,140,red
71,168,159,orange
70,169,159,orange
95,128,158,yellow
24,155,141,red
49,103,144,green
167,69,161,green
168,69,161,green
184,166,151,orange
186,166,149,orange
170,68,164,green
228,121,161,yellow
228,120,165,yellow
114,185,161,red
118,127,129,white
111,128,131,white
101,130,132,white
120,127,130,white
123,128,128,white
119,128,131,white
115,126,131,white
118,126,131,white
117,128,131,white
102,184,157,red
148,74,160,green
88,126,94,blue
93,126,93,blue
104,186,158,red
91,126,94,blue
96,126,92,blue
221,123,173,yellow
105,187,161,red
89,135,135,white
85,136,133,white
11,128,117,blue
61,161,147,orange
11,130,114,blue
87,135,134,white
24,124,117,blue
111,140,142,white
26,128,119,blue
54,102,147,green
107,138,162,yellow
109,136,161,yellow
108,136,161,yellow
38,158,145,red
136,172,150,red
123,181,158,red
110,120,95,blue
183,167,157,orange
168,68,164,green
106,123,93,blue
145,133,162,yellow
111,171,156,orange
81,97,147,green
148,137,136,white
81,97,147,green
42,125,112,blue
210,127,150,yellow
173,169,146,orange
131,90,145,green
110,173,150,red
105,172,149,red
139,84,149,green
186,163,149,orange
188,163,149,orange
229,125,163,yellow
124,177,154,red
114,119,95,blue
232,123,163,yellow
112,123,91,blue
164,76,154,green
113,122,91,blue
218,135,131,white
175,169,151,orange
145,80,153,green
216,126,159,yellow
215,124,160,yellow
177,170,149,orange
218,135,131,white
146,79,154,green
158,78,156,green
108,117,100,blue
155,79,155,green
181,168,153,orange
154,76,157,green
112,178,157,red
222,127,159,yellow
225,135,131,white
224,135,132,white
179,165,144,orange
230,126,114,white
105,161,131,red
96,165,136,red
233,125,115,white
227,127,114,white
118,135,76,blue
225,127,114,white
119,115,98,blue
115,116,98,blue
107,120,96,blue
121,115,99,blue
110,120,95,blue
106,120,96,blue
120,115,99,blue
114,117,98,blue
105,120,96,blue
149,82,141,green
172,166,141,orange
117,133,80,blue
97,135,82,blue
172,166,139,orange
219,133,118,white
221,129,120,white
113,134,78,blue
218,112,163,yellow
98,165,139,red
171,77,142,green
168,165,146,orange
174,79,139,green
204,155,138,orange
147,126,77,blue
190,70,147,green
105,167,144,red
248,115,138,yellow
250,118,135,yellow
108,166,141,red
208,121,106,white
172,167,145,orange
123,140,69,blue
109,143,70,blue
149,125,79,blue
237,102,135,yellow
212,89,168,yellow
223,95,150,yellow
182,163,145,orange
176,71,153,green
176,72,149,green
101,167,142,red
232,106,161,yellow
232,106,162,yellow
105,165,134,red
228,127,117,white
105,163,134,red
159,74,153,green
112,138,74,blue
165,78,142,green
120,135,75,blue
225,101,156,yellow
224,100,158,yellow
164,168,146,orange
164,169,148,orange
129,130,77,blue
147,169,145,orange
81,159,131,red
194,111,164,yellow
91,136,83,blue
107,133,82,blue
195,132,115,white
185,159,157,orange
231,128,122,white
229,130,122,white
182,161,155,orange
97,172,154,red
172,71,155,green
226,111,158,yellow
171,71,155,green
227,130,122,white
112,139,73,blue
213,96,172,yellow
108,138,76,blue
163,168,156,orange
159,73,156,green
109,138,75,blue
95,163,132,red
168,165,147,orange
163,167,150,orange
191,123,114,white
199,97,169,yellow
140,83,143,green
189,122,114,white
139,173,155,orange
190,96,177,yellow
213,119,113,white
168,89,123,green
64,162,133,red
61,124,105,blue
58,123,106,blue
48,123,110,blue
59,124,105,blue
56,124,106,blue
49,123,109,blue
49,122,109,blue
54,124,106,blue
46,123,110,blue
194,78,130,green
91,168,140,red
226,90,166,yellow
92,170,138,red
218,117,109,white
126,152,117,red
226,87,173,yellow
172,68,161,green
113,154,118,red
104,164,139,red
111,166,141,red
110,163,139,red
133,129,80,blue
226,130,119,white
180,162,144,orange
180,77,139,green
227,111,154,yellow
170,89,129,green
214,129,119,white
112,134,79,blue
215,131,117,white
85,166,139,red
167,166,141,orange
132,85,146,green
203,113,164,yellow
210,132,117,white
223,128,117,white
189,159,141,orange
166,74,151,green
171,74,148,green
179,77,139,green
86,169,149,red
165,76,148,green
230,110,148,yellow
139,130,75,blue
193,161,142,orange
238,105,156,yellow
203,156,134,orange
130,158,122,red
237,124,118,white
233,126,116,white
208,154,133,orange
241,107,151,yellow
206,152,145,orange
204,68,145,green
167,117,83,blue
243,104,155,yellow
181,112,89,blue
186,111,91,blue
141,130,75,blue
233,124,117,white
126,166,131,red
201,155,146,orange
250,121,127,white
253,126,130,white
99,182,154,red
246,110,148,yellow
192,104,91,blue
179,166,152,orange
241,102,155,yellow
157,122,79,blue
164,165,147,orange
198,121,110,white
208,94,169,yellow
213,95,164,yellow
208,90,174,yellow
78,162,133,red
203,120,112,white
101,142,73,blue
75,160,130,red
135,80,152,green
208,123,108,white
62,164,129,red
183,98,168,yellow
141,170,140,orange
193,127,108,white
74,169,140,red
94,161,117,red
226,91,157,yellow
219,88,162,yellow
173,78,139,green
160,72,159,green
95,159,119,red
138,76,163,green
139,75,163,green
142,75,161,green
141,75,163,green
138,76,162,green
204,97,199,yellow
204,96,200,yellow
198,94,198,yellow
202,96,200,yellow
201,94,203,yellow
198,96,200,yellow
199,98,201,yellow
199,98,202,yellow
197,96,200,yellow
210,119,108,white
95,145,71,blue
160,84,132,green
153,169,145,orange
93,145,72,blue
118,134,76,blue
187,121,109,white
141,173,153,orange
220,90,164,yellow
200,83,119,green
212,116,111,white
165,70,160,green
217,116,111,white
177,80,133,green
63,169,142,red
207,115,112,white
159,160,130,orange
177,124,107,white
129,172,154,orange
126,130,79,blue
136,172,149,orange
77,147,76,blue
127,82,151,green
184,91,173,yellow
90,140,78,blue
122,188,166,red
123,189,166,red
130,126,82,blue
180,66,163,green
244,132,130,white
187,64,164,green
177,67,162,green
238,118,180,yellow
162,174,155,orange
93,130,89,blue
223,133,131,white
146,77,156,green
149,76,157,green
101,126,91,blue
93,129,89,blue
222,133,130,white
218,123,172,yellow
122,80,159,green
194,134,132,white
184,123,181,yellow
73,174,156,red
175,126,178,yellow
78,172,149,red
139,177,161,orange
65,133,93,blue
80,175,164,red
200,131,135,white
74,125,101,blue
79,176,165,red
67,134,92,blue
71,131,93,blue
69,133,91,blue
65,169,158,red
132,181,166,orange
132,183,171,orange
123,83,154,green
92,168,133,red
196,125,158,yellow
133,181,169,green
128,90,135,green
133,93,128,green
138,176,164,orange
27,142,95,blue
36,158,145,red
94,169,160,orange
33,144,91,blue
149,127,129,white
131,117,164,yellow
89,167,159,orange
32,156,144,red
38,133,100,blue
106,176,170,orange
153,131,135,white
40,137,96,blue
110,176,169,orange
144,124,175,yellow
83,92,151,green
45,161,148,red
155,133,133,white
169,176,170,orange
166,176,170,orange
160,178,168,orange
170,175,169,orange
160,180,175,orange
151,181,172,orange
171,174,172,orange
164,179,173,orange
148,181,172,orange
107,85,156,green
106,85,157,green
71,172,160,red
133,178,166,orange
74,173,160,red
187,132,139,white
116,83,157,green
191,131,138,white
63,130,96,blue
197,118,194,yellow
132,76,166,green
66,134,91,blue
200,130,136,white
81,176,157,red
132,81,152,green
151,132,133,white
38,135,99,blue
52,162,152,red
36,136,98,blue
139,129,177,yellow
46,131,102,blue
104,176,167,orange
144,135,137,white
48,161,152,red
192,158,162,orange
232,117,179,yellow
108,137,76,blue
243,129,130,white
241,129,129,white
111,183,160,red
230,117,175,yellow
124,131,79,blue
83,178,167,red
153,175,174,orange
77,137,85,blue
159,174,172,orange
87,140,80,blue
89,181,168,red
87,139,80,blue
211,121,182,yellow
208,120,181,yellow
203,123,179,yellow
212,121,179,yellow
152,77,158,green
88,123,98,blue
153,76,158,green
215,132,133,white
85,126,95,blue
198,155,155,orange
240,131,134,white
246,129,132,white
237,120,165,yellow
190,161,158,orange
174,73,157,green
121,177,157,red
236,121,164,yellow
186,162,164,orange
188,64,164,green
132,119,90,blue
242,131,133,white
244,132,132,white
187,161,166,orange
179,65,166,green
233,118,188,yellow
122,188,168,red
208,132,131,white
136,77,161,green
210,133,129,white
132,78,159,green
242,119,175,yellow
203,151,155,orange
204,150,156,orange
129,187,167,red
199,153,157,orange
197,155,156,orange
248,130,131,white
144,115,92,blue
146,115,91,blue
133,119,90,blue
128,116,95,blue
123,119,92,blue
121,119,93,blue
140,131,133,white
88,173,164,orange
116,126,167,yellow
122,125,168,yellow
69,98,146,green
132,132,133,white
119,125,167,yellow
26,140,97,blue
23,141,98,blue
50,124,108,blue
51,129,102,blue
97,89,152,green
61,164,151,red
116,175,158,orange
58,164,150,red
80,97,144,green
86,179,165,red
86,179,167,red
85,178,167,red
149,177,172,orange
74,131,93,blue
208,130,138,white
136,76,162,green
194,121,193,yellow
207,130,138,white
132,122,86,blue
239,114,185,yellow
202,149,168,orange
249,129,133,white
238,116,183,yellow
190,64,161,green
246,131,131,white
119,190,172,red
131,122,86,blue
87,177,160,red
85,177,161,red
85,176,158,red
88,179,162,red
87,177,162,red
86,177,160,red
88,179,162,red
86,179,163,red
87,178,161,red
78,163,145,red
80,167,146,red
82,167,146,red
78,168,146,red
75,169,148,red
74,170,151,red
78,167,146,red
73,169,148,red
73,169,149,red
212,106,211,yellow
211,106,210,yellow
211,106,210,yellow
216,105,212,yellow
214,105,211,yellow
215,105,211,yellow
215,105,211,yellow
213,106,211,yellow
80,179,164,red
80,176,160,red
80,168,151,red
78,178,164,red
76,176,162,red
75,167,151,red
78,177,163,red
77,174,159,red
168,66,170,green
176,64,171,green
189,64,161,green
167,67,169,green
176,65,169,green
193,63,162,green
174,64,171,green
187,63,168,green
124,119,92,blue
132,119,90,blue
133,119,89,blue
129,119,91,blue
137,119,89,blue
124,123,88,blue
131,123,86,blue
139,119,88,blue
149,179,169,orange
149,178,169,orange
152,175,165,orange
146,180,170,orange
145,181,172,orange
141,181,172,orange
142,181,172,orange
141,180,171,orange
110,87,155,green
107,86,157,green
108,86,157,green
105,87,156,green
101,86,160,green
101,85,160,green
98,87,157,green
99,86,160,green
102,87,157,green
69,175,161,red
70,176,162,red
74,174,157,red
71,177,161,red
76,178,164,red
74,175,159,red
72,177,163,red
77,178,163,red
72,176,162,red
174,115,198,yellow
190,114,202,yellow
199,113,204,yellow
179,114,200,yellow
193,114,203,yellow
198,114,204,yellow
179,114,200,yellow
194,114,203,yellow
205,113,205,yellow
114,84,155,green
117,83,156,green
129,86,150,green
111,84,156,green
116,83,155,green
127,85,151,green
106,85,155,green
115,85,153,green
128,88,150,green
189,129,145,white
188,129,145,white
185,129,144,white
187,130,145,white
187,130,143,white
181,130,145,white
186,130,146,white
184,130,146,white
179,132,144,white
219,124,127,white
217,124,127,white
215,126,127,white
218,125,128,white
216,125,125,white
213,125,127,white
215,124,127,white
214,124,127,white
212,124,127,white
116,176,159,orange
114,177,161,orange
113,175,159,orange
108,178,162,orange
109,178,164,orange
108,177,161,orange
106,177,163,orange
105,178,163,orange
104,176,161,orange
140,154,152,orange
142,154,150,orange
99,147,139,orange
147,154,143,orange
151,155,136,orange
132,150,127,orange
152,154,135,orange
167,149,127,orange
121,145,124,orange
120,94,133,green
125,92,132,green
124,91,133,green
152,111,110,green
152,107,113,green
152,103,112,green
146,104,118,green
138,93,127,green
155,103,119,green
163,127,109,white
166,125,110,white
166,126,107,white
167,128,106,white
167,128,102,white
170,128,102,white
169,124,109,white
179,130,96,white
183,131,93,white
180,128,99,white
169,126,109,white
172,125,109,white
149,128,106,white
176,127,105,white
181,130,99,white
127,129,105,white
184,129,100,white
190,133,90,white
134,131,99,white
106,149,142,orange
138,147,111,orange
142,146,116,orange
180,100,156,yellow
185,101,152,yellow
185,100,155,yellow
192,105,139,yellow
197,104,135,yellow
197,103,140,yellow
206,104,134,yellow
210,102,136,yellow
204,101,141,yellow
184,100,154,yellow
188,99,152,yellow
189,99,153,yellow
200,103,133,yellow
213,105,123,yellow
212,102,130,yellow
203,99,142,yellow
218,100,134,yellow
217,98,138,yellow
88,150,117,red
78,157,125,red
63,153,134,red
82,155,130,red
71,163,143,red
73,156,143,red
77,161,135,red
74,162,146,red
71,154,144,red
139,107,108,green
142,105,108,green
147,104,110,green
140,102,112,green
149,100,111,green
132,92,128,green
138,101,110,green
140,96,118,green
137,94,124,green
140,94,122,green
170,121,106,white
177,123,101,white
134,104,145,yellow
164,103,147,yellow
186,100,148,yellow
178,105,139,yellow
199,107,125,yellow
201,103,130,yellow
200,106,126,yellow
198,102,139,yellow
207,101,136,yellow
198,103,135,yellow
116,152,94,red
120,150,95,red
123,151,93,red
99,157,108,red
106,156,107,red
112,152,106,red
100,160,100,red
102,165,94,red
107,164,109,red
121,93,132,green
127,90,134,green
126,90,134,green
158,109,103,green
155,106,106,green
155,106,107,green
144,101,120,green
156,100,114,green
159,104,114,green
117,96,129,green
121,95,128,green
119,95,129,green
142,111,109,green
147,109,112,green
141,104,118,green
146,108,115,green
129,93,128,green
143,100,123,green
148,108,104,green
148,108,103,green
155,108,102,green
150,106,102,green
161,108,100,green
135,156,146,orange
139,157,145,orange
96,147,125,orange
161,153,120,orange
154,155,124,orange
88,146,126,orange
158,153,127,orange
158,154,131,orange
113,151,137,orange
49,150,140,red
60,153,138,red
105,158,110,red
100,129,112,white
94,131,108,white
97,128,105,white
166,127,109,white
171,124,111,white
109,132,107,white
174,125,105,white
175,127,103,white
117,131,105,white
186,130,95,white
193,132,90,white
125,13,99,white
180,106,133,yellow
198,112,116,yellow
191,105,130,yellow
182,110,134,yellow
183,106,140,yellow
116,111,140,yellow
181,104,145,yellow
186,103,143,yellow
133,111,142,yellow
187,104,144,yellow
190,104,142,yellow
123,111,143,yellow
178,100,153,yellow
200,108,121,yellow
167,110,125,yellow
216,112,111,yellow
134,124,112,white
161,123,111,white
160,124,111,white
168,122,107,white
167,125,106,white
167,120,112,white
187,128,93,white
174,122,105,white
171,125,102,white
157,123,111,white
138,125,109,white
163,130,97,white
167,124,113,white
172,125,111,white
174,124,110,white
174,125,108,white
179,125,106,white
182,121,111,white
178,125,103,white
183,128,99,white
96,127,113,white
136,127,104,white
174,125,99,white
172,126,104,white
163,126,109,white
179,127,100,white
190,124,96,white
192,125,94,white
86,154,123,red
130,144,102,red
181,125,96,white
165,118,112,white
132,145,92,red
69,158,144,red
180,121,108,white
176,118,113,white
182,120,103,white
177,121,106,white
213,95,139,yellow
179,124,106,white
173,119,106,white
174,121,104,white
176,120,106,white
178,121,106,white
192,124,122,white
187,123,122,white
186,124,122,white
194,121,124,white
190,124,121,white
184,124,121,white
193,124,121,white
193,123,121,white
167,126,120,white
164,165,160,orange
124,161,154,orange
162,165,159,orange
159,166,161,orange
122,162,157,orange
162,165,158,orange
160,165,158,orange
121,151,153,orange
138,76,159,green
136,76,161,green
135,77,160,green
138,76,160,green
135,76,161,green
134,77,159,green
139,78,155,green
140,77,156,green
135,79,156,green
81,166,148,red
78,168,150,red
76,163,148,red
83,165,145,red
79,168,150,red
78,164,146,red
82,165,145,red
79,168,150,red
73,164,149,red
86,132,87,blue
84,137,83,blue
83,135,85,blue
86,133,86,blue
85,136,84,blue
82,136,84,blue
94,131,86,blue
90,133,85,blue
84,134,86,blue
194,106,172,yellow
189,106,174,yellow
186,107,172,yellow
192,105,173,yellow
189,106,174,yellow
192,105,173,yellow
189,106,174,yellow
188,106,174,yellow
193,105,174,yellow
191,105,175,yellow
169,110,169,yellow
179,131,118,white
170,128,115,white
169,128,115,white
180,134,119,white
171,127,116,white
168,128,116,white
177,131,119,white
170,128,115,white
168,128,116,white
167,167,174,orange
149,162,172,orange
147,161,170,orange
171,170,176,orange
157,165,172,orange
152,163,169,orange
167,167,174,orange
150,163,173,orange
147,163,170,orange
154,75,166,green
148,73,169,green
144,78,165,green
152,74,171,green
147,73,168,green
143,77,167,green
152,75,166,green
154,77,163,green
145,79,161,green
94,175,153,red
95,177,154,red
88,170,151,red
93,173,151,red
93,175,148,red
82,170,151,red
94,172,151,red
91,175,153,red
88,168,146,red
102,141,83,blue
69,150,75,blue
69,148,76,blue
101,143,83,blue
67,151,74,blue
65,150,75,blue
103,141,85,blue
81,144,76,blue
71,147,76,blue
215,122,161,yellow
180,102,182,yellow
179,102,179,yellow
216,120,167,yellow
185,103,187,yellow
180,105,183,yellow
208,116,170,yellow
185,102,182,yellow
185,104,176,yellow
